


insert into album (codealb, titre, date_sortie, maison_prod) values (57, 'Konklux', to_date('7/10/2021','DD/MM/YYYY'), 'Stim');
insert into album (codealb, titre, date_sortie, maison_prod) values (58, 'Tresom',to_date('8/12/2021','DD/MM/YYYY') , 'Bytecard');
insert into album (codealb, titre, date_sortie, maison_prod) values (59, 'Viva', to_date('9/3/2021','DD/MM/YYYY') , 'Aerified');
insert into album (codealb, titre, date_sortie, maison_prod) values (60, 'Quo Lux', to_date('4/5/2022','DD/MM/YYYY'), 'Sonsing');
insert into album (codealb, titre, date_sortie, maison_prod) values (61, 'Y-Solowarm', to_date('9/9/2021','DD/MM/YYYY'), 'Andalax');
insert into album (codealb, titre, date_sortie, maison_prod) values (62, 'Aerified', to_date('7/7/2021','DD/MM/YYYY'), 'Temp');
insert into album (codealb, titre, date_sortie, maison_prod) values (63, 'Otcom', to_date('2/5/2022','DD/MM/YYYY'), 'Cardguard');
insert into album (codealb, titre, date_sortie, maison_prod) values (64, 'Namfix',to_date('11/10/2021','DD/MM/YYYY'), 'Namfix');
insert into album (codealb, titre, date_sortie, maison_prod) values (65, 'Cardify',to_date( '2/4/2022','DD/MM/YYYY'), 'Cardguard');
insert into album (codealb, titre, date_sortie, maison_prod) values (66, 'Zontrax', to_date('8/6/2021','DD/MM/YYYY'), 'Temp');
insert into album (codealb, titre, date_sortie, maison_prod) values (67, 'Wrapsafe',to_date('4/7/2022','DD/MM/YYYY'), 'Namfix');
insert into album (codealb, titre, date_sortie, maison_prod) values (68, 'Cardify', to_date('9/8/2021','DD/MM/YYYY'), 'Stim');
insert into album (codealb, titre, date_sortie, maison_prod) values (69, 'Stronghold',to_date('3/6/2022','DD/MM/YYYY'), 'Sonsing');
insert into album (codealb, titre, date_sortie, maison_prod) values (70, 'Span', to_date('11/10/2021','DD/MM/YYYY'), 'Andalax');
insert into album (codealb, titre, date_sortie, maison_prod) values (71, 'Zontrax',to_date('10/6/2021','DD/MM/YYYY'), 'Namfix');
insert into album (codealb, titre, date_sortie, maison_prod) values (72, 'Trippledex', to_date('3/11/2022','DD/MM/YYYY'), 'Aerified');
insert into album (codealb, titre, date_sortie, maison_prod) values (73, 'Overhold',to_date( '11/8/2021','DD/MM/YYYY'), 'Bytecard');
insert into album (codealb, titre, date_sortie, maison_prod) values (74, 'Rank',to_date( '5/2/2021','DD/MM/YYYY'), 'Stim');
insert into album (codealb, titre, date_sortie, maison_prod) values (75, 'Tresom', to_date('6/3/2021','DD/MM/YYYY'), 'Bytecard');
insert into album (codealb, titre, date_sortie, maison_prod) values (76, 'Vagram', to_date('10/2/2021','DD/MM/YYYY'), 'Aerified');
 

insert into groupe (nom_grp, date_creation) values ('Wrapsafe',  to_date('10/3/2021','DD/MM/YYYY'));
insert into groupe (nom_grp, date_creation) values ('Matsoft', to_date('9/12/2021','DD/MM/YYYY') );
insert into groupe (nom_grp, date_creation) values ('Y-find',  to_date( '2/2/2022','DD/MM/YYYY'));
insert into groupe (nom_grp, date_creation) values ('Opela',  to_date('8/7/2021','DD/MM/YYYY'));
insert into groupe (nom_grp, date_creation) values ('Veribet', to_date('9/8/2021','DD/MM/YYYY') );
insert into groupe (nom_grp, date_creation) values ('Treeflex', to_date('9/3/2021','DD/MM/YYYY') );
insert into groupe (nom_grp, date_creation) values ('Regrant',  to_date('3/11/2022','DD/MM/YYYY'));
insert into groupe (nom_grp, date_creation) values ('Bytecard', to_date('7/6/2021','DD/MM/YYYY') );
insert into groupe (nom_grp, date_creation) values ('Tempsoft', to_date('9/8/2021','DD/MM/YYYY') );
insert into groupe (nom_grp, date_creation) values ('Ronstring', to_date('7/6/2021','DD/MM/YYYY') );


insert into musicien (matricule_mus, nom, prenom, adresse, nationnalite, date_naissance, url_chainey, nom_grp) values (59, 'Keylex', 'Konklab', 'Lotstring', 'Zamit', to_date('2/4/2000','DD/MM/YYYY') , 'Sub-Ex','Wrapsafe');
insert into musicien (matricule_mus, nom, prenom, adresse, nationnalite, date_naissance, url_chainey, nom_grp) values (60, 'Ronstring', 'Rank', 'Zaam-Dox', 'Holdlamis',  to_date('10/11/1995','DD/MM/YYYY') , 'Tresom', 'Matsoft');
insert into musicien (matricule_mus, nom, prenom, adresse, nationnalite, date_naissance, url_chainey, nom_grp) values (15, 'Home Ing', 'Home Ing', 'Alpha', 'Mat Lam Tam',  to_date('1/4/1980','DD/MM/YYYY'), 'Zamit', null);
insert into musicien (matricule_mus, nom, prenom, adresse, nationnalite, date_naissance, url_chainey, nom_grp) values (62, 'Matsoft', 'Stim', 'Toughjoyfax', 'Tempsoft', to_date('10/5/1950','DD/MM/YYYY'), 'Bitchip','Matsoft');
insert into musicien (matricule_mus, nom, prenom, adresse, nationnalite, date_naissance, url_chainey, nom_grp) values (63, 'Flowdesk', 'Alphazap', 'Zamit', 'Ronstring',  to_date('6/1/1909','DD/MM/YYYY') , 'Bytecard','Wrapsafe');
insert into musicien (matricule_mus, nom, prenom, adresse, nationnalite, date_naissance, url_chainey, nom_grp) values (64, 'Zaam-Dox', 'Y-Solowarm', 'Tres-Zap', 'Cardify',  to_date('6/1/1886','DD/MM/YYYY'), 'Stronghold','Veribet');
insert into musicien (matricule_mus, nom, prenom, adresse, nationnalite, date_naissance, url_chainey, nom_grp) values (65, 'Redhold', 'Aerified', 'Tresom', 'Trippledex',  to_date('6/9/1993','DD/MM/YYYY'), 'Kanlam' ,'Veribet');
insert into musicien (matricule_mus, nom, prenom, adresse, nationnalite, date_naissance, url_chainey, nom_grp) values (66, 'Domainer', 'Mat Lam Tam', 'Span', 'Keylex',  to_date('8/12/1978','DD/MM/YYYY'), 'Mat Lam Tam', 'Y-find');
insert into musicien (matricule_mus, nom, prenom, adresse, nationnalite, date_naissance, url_chainey, nom_grp) values (67, 'Quo Lux', 'Bytecard', 'Toughjoyfax', 'Sonair',  to_date( '5/8/1970','DD/MM/YYYY'), 'Cookley','Y-find' );
insert into musicien (matricule_mus, nom, prenom, adresse, nationnalite, date_naissance, url_chainey, nom_grp) values (30, 'Toughjoyfax', 'Biodex', 'Aerified', 'Otcom',  to_date('9/7/1849','DD/MM/YYYY') , 'Stim', null );
insert into musicien (matricule_mus, nom, prenom, adresse, nationnalite, date_naissance, url_chainey, nom_grp) values (96, 'Elizabeth', 'MacKartan', 'Tres-Zap', 'Cardify',  to_date('6/9/1970','DD/MM/YYYY'), 'Stronghold',null);
insert into musicien (matricule_mus, nom, prenom, adresse, nationnalite, date_naissance, url_chainey, nom_grp) values (72, 'Odele', 'Salazar', 'Tresom', 'Trippledex', to_date('6/8/1840','DD/MM/YYYY'), 'Kanlam' ,null);
insert into musicien (matricule_mus, nom, prenom, adresse, nationnalite, date_naissance, url_chainey, nom_grp) values (19,'Oby', 'Fearenside', 'Span', 'Keylex', to_date('8/5/1974','DD/MM/YYYY') , 'Mat Lam Tam', null);
insert into musicien (matricule_mus, nom, prenom, adresse, nationnalite, date_naissance, url_chainey, nom_grp) values (88, 'Lev', 'Herrieven','Toughjoyfax', 'Sonair', to_date('5/8/1955','DD/MM/YYYY')  , 'Cookley',null );
insert into musicien (matricule_mus, nom, prenom, adresse, nationnalite, date_naissance, url_chainey, nom_grp) values (86, 'Gawen', 'Maffulli', 'Aerified', 'Otcom',  to_date('9/10/1991','DD/MM/YYYY'), 'Stim', null );
insert into musicien (matricule_mus, nom, prenom, adresse, nationnalite, date_naissance, url_chainey, nom_grp) values (29,'Oby','Lauri', 'O Molan',  'Keylex', to_date('8/10/1930','DD/MM/YYYY'), 'Mat Lam Tam', null);
insert into musicien (matricule_mus, nom, prenom, adresse, nationnalite, date_naissance, url_chainey, nom_grp) values (95, 'Domainer', 'Mat Lam Tam','Toughjoyfax', 'Sonair', to_date('5/8/1870','DD/MM/YYYY'), 'Cookley',null );



insert into album_solo (codealb, matricule_mus) values (57, 86);
insert into album_solo (codealb, matricule_mus) values (58, 88);
insert into album_solo (codealb, matricule_mus) values (59, 19);
insert into album_solo (codealb, matricule_mus) values (60, 72);
insert into album_solo (codealb, matricule_mus) values (61, 96);
insert into album_solo (codealb, matricule_mus) values (62, 30);
insert into album_solo (codealb, matricule_mus) values (63, 15);
insert into album_solo (codealb, matricule_mus) values (64, 86);
insert into album_solo (codealb, matricule_mus) values (65, 29);
insert into album_solo (codealb, matricule_mus) values (66, 95);


insert into album_grp (codealb,nom_grp ) values (67,'Wrapsafe' );
insert into album_grp (codealb,nom_grp) values (68,'Matsoft');
insert into album_grp (codealb,nom_grp) values (69,'Y-find');
insert into album_grp (codealb, nom_grp) values (70,'Opela');
insert into album_grp (codealb,nom_grp) values (71,'Veribet');
insert into album_grp (codealb,nom_grp) values (72,'Treeflex');
insert into album_grp (codealb,nom_grp) values (73,'Regrant' );
insert into album_grp (codealb,nom_grp) values (74,'Bytecard' );
insert into album_grp (codealb,nom_grp) values (75,'Tempsoft' );
insert into album_grp (codealb,nom_grp) values (76,'Ronstring');


insert into Etage (num_etage) values (1);
insert into Etage (num_etage) values (2);
insert into Etage (num_etage) values (3);
insert into Etage (num_etage) values (4);
insert into Etage (num_etage) values (5);






insert into Rayon (num_rayon, theme, num_etage) values (1, 'Animation|Children|Comedy', 1);
insert into Rayon (num_rayon, theme, num_etage) values (2, 'Drama|Thriller', 2);
insert into Rayon (num_rayon, theme, num_etage) values (3, 'Comedy|Drama|Romance|Thriller', 3);
insert into Rayon (num_rayon, theme, num_etage) values (4, 'Comedy|Drama', 4);
insert into Rayon (num_rayon, theme, num_etage) values (5, 'Comedy|Drama', 5);
insert into Rayon (num_rayon, theme, num_etage) values (6, '(no genres listed)', 3);
insert into Rayon (num_rayon, theme, num_etage) values (7, 'Drama|War', 2);
insert into Rayon (num_rayon, theme, num_etage) values (8, 'Animation', 1);
insert into Rayon (num_rayon, theme, num_etage) values (9, 'Drama', 4);
insert into Rayon (num_rayon, theme, num_etage) values (10, 'Crime|Drama|Romance', 5);



insert into Presentoir (num_presentoir, nbre_oeuvre_pre, num_rayon) values (1, 5, 1);
insert into Presentoir (num_presentoir, nbre_oeuvre_pre, num_rayon) values (2, 9, 2);
insert into Presentoir (num_presentoir, nbre_oeuvre_pre, num_rayon) values (3, 10, 3);
insert into Presentoir (num_presentoir, nbre_oeuvre_pre, num_rayon) values (4, 7, 4);
insert into Presentoir (num_presentoir, nbre_oeuvre_pre, num_rayon) values (5, 5, 5);
insert into Presentoir (num_presentoir, nbre_oeuvre_pre, num_rayon) values (6, 5, 6);
insert into Presentoir (num_presentoir, nbre_oeuvre_pre, num_rayon) values (7, 6, 7);
insert into Presentoir (num_presentoir, nbre_oeuvre_pre, num_rayon) values (8, 8, 8);
insert into Presentoir (num_presentoir, nbre_oeuvre_pre, num_rayon) values (9, 7, 9);
insert into Presentoir (num_presentoir, nbre_oeuvre_pre, num_rayon) values (10, 7, 10);


insert into Etagere (num_etagere, nbre_oeuvre, categorie,  num_rayon) values (1, 6, 'Action', 1);
insert into Etagere (num_etagere, nbre_oeuvre, categorie,  num_rayon) values (2, 5, 'Comedy', 2);
insert into Etagere (num_etagere, nbre_oeuvre, categorie,  num_rayon) values (3, 9, 'Thriller', 3);
insert into Etagere (num_etagere, nbre_oeuvre, categorie,  num_rayon) values (4, 11, 'Action', 1);
insert into Etagere (num_etagere, nbre_oeuvre, categorie,  num_rayon) values (5, 4, 'Adventure', 5);
insert into Etagere (num_etagere, nbre_oeuvre, categorie,  num_rayon) values (6, 6, 'War', 1);
insert into Etagere (num_etagere, nbre_oeuvre, categorie,  num_rayon) values (7, 3, 'Drama', 2);
insert into Etagere (num_etagere, nbre_oeuvre, categorie,  num_rayon) values (8, 9, 'Adventure', 3);
insert into Etagere (num_etagere, nbre_oeuvre, categorie,  num_rayon) values (9, 3, 'Horror', 1);
insert into Etagere (num_etagere, nbre_oeuvre, categorie,  num_rayon) values (10, 7, 'Mystery', 5);
insert into Etagere (num_etagere, nbre_oeuvre, categorie,  num_rayon) values (11, 5, 'Comedy', 1);
insert into Etagere (num_etagere, nbre_oeuvre, categorie,  num_rayon) values (12, 3, 'Comedy', 2);
insert into Etagere (num_etagere, nbre_oeuvre, categorie,  num_rayon) values (13, 3, 'Musical', 3);
insert into Etagere (num_etagere, nbre_oeuvre, categorie,  num_rayon) values (14, 7, 'Adventure', 4);
insert into Etagere (num_etagere, nbre_oeuvre, categorie,  num_rayon) values (15, 2, 'Drama', 5);
insert into Etagere (num_etagere, nbre_oeuvre, categorie,  num_rayon) values (16, 11, 'Action', 1);
insert into Etagere (num_etagere, nbre_oeuvre, categorie,  num_rayon) values (17, 5, 'Drama', 2);
insert into Etagere (num_etagere, nbre_oeuvre, categorie,  num_rayon) values (18, 8, 'Sci-Fi', 3);
insert into Etagere (num_etagere, nbre_oeuvre, categorie,  num_rayon) values (19, 10, 'Thriller', 4);
insert into Etagere (num_etagere, nbre_oeuvre, categorie,  num_rayon) values (20, 6, 'Comedy', 5);
insert into Etagere (num_etagere, nbre_oeuvre, categorie,  num_rayon) values (21, 6, 'Romance', 1);
insert into Etagere (num_etagere, nbre_oeuvre, categorie,  num_rayon) values (22, 3, 'Romance', 2);
insert into Etagere (num_etagere, nbre_oeuvre, categorie,  num_rayon) values (23, 8, 'Action', 3);
insert into Etagere (num_etagere, nbre_oeuvre, categorie,  num_rayon) values (24, 8, 'Sci-Fi', 4);
insert into Etagere (num_etagere, nbre_oeuvre, categorie,  num_rayon) values (25, 10, 'Romance', 5);
insert into Etagere (num_etagere, nbre_oeuvre, categorie,  num_rayon) values (26, 2, 'Documentary', 1);
insert into Etagere (num_etagere, nbre_oeuvre, categorie,  num_rayon) values (27, 5, 'Comedy', 2);
insert into Etagere (num_etagere, nbre_oeuvre, categorie,  num_rayon) values (28, 7, 'Comedy', 3);
insert into Etagere (num_etagere, nbre_oeuvre, categorie,  num_rayon) values (29, 7, 'Drama', 4);
insert into Etagere (num_etagere, nbre_oeuvre, categorie,  num_rayon) values (30, 5, 'Comedy', 5);
insert into Etagere (num_etagere, nbre_oeuvre, categorie,  num_rayon) values (31, 7, 'Adventure', 1);
insert into Etagere (num_etagere, nbre_oeuvre, categorie,  num_rayon) values (32, 8, 'Romance', 2);
insert into Etagere (num_etagere, nbre_oeuvre, categorie,  num_rayon) values (33, 6, 'Documentary', 3);
insert into Etagere (num_etagere, nbre_oeuvre, categorie,  num_rayon) values (34, 8, 'Action', 4);
insert into Etagere (num_etagere, nbre_oeuvre, categorie,  num_rayon) values (35, 2, 'Fantasy', 5);
insert into Etagere (num_etagere, nbre_oeuvre, categorie,  num_rayon) values (36, 8, 'Sci-Fi', 1);
insert into Etagere (num_etagere, nbre_oeuvre, categorie,  num_rayon) values (37, 1, 'Adventure', 2);
insert into Etagere (num_etagere, nbre_oeuvre, categorie,  num_rayon) values (38, 5, 'Thriller', 3);
insert into Etagere (num_etagere, nbre_oeuvre, categorie,  num_rayon) values (39, 3, 'Horror', 4);
insert into Etagere (num_etagere, nbre_oeuvre, categorie,  num_rayon) values (40, 3, 'Children', 4);
insert into Etagere (num_etagere, nbre_oeuvre, categorie,  num_rayon) values (41, 5, 'Drama', 1);
insert into Etagere (num_etagere, nbre_oeuvre, categorie,  num_rayon) values (42, 7, 'Horror', 2);
insert into Etagere (num_etagere, nbre_oeuvre, categorie,  num_rayon) values (43, 3, 'Thriller', 3);
insert into Etagere (num_etagere, nbre_oeuvre, categorie,  num_rayon) values (44, 7, 'Documentary', 4);
insert into Etagere (num_etagere, nbre_oeuvre, categorie,  num_rayon) values (45, 7, 'Mystery', 5);
insert into Etagere (num_etagere, nbre_oeuvre, categorie,  num_rayon) values (46, 8, 'Drama', 1);
insert into Etagere (num_etagere, nbre_oeuvre, categorie,  num_rayon) values (47, 5, 'Drama', 2);
insert into Etagere (num_etagere, nbre_oeuvre, categorie,  num_rayon) values (48, 8, 'Mystery', 3);
insert into Etagere (num_etagere, nbre_oeuvre, categorie,  num_rayon) values (49, 4, 'Horror', 4);
insert into Etagere (num_etagere, nbre_oeuvre, categorie,  num_rayon) values (50, 8, 'Drama', 5);
insert into Etagere (num_etagere, nbre_oeuvre, categorie,  num_rayon) values (51, 4, 'Thriller', 1);
insert into Etagere (num_etagere, nbre_oeuvre, categorie,  num_rayon) values (52, 4, 'Adventure', 2);
insert into Etagere (num_etagere, nbre_oeuvre, categorie,  num_rayon) values (53, 4, 'Drama', 3);
insert into Etagere (num_etagere, nbre_oeuvre, categorie,  num_rayon) values (54, 3, 'Horror', 4);
insert into Etagere (num_etagere, nbre_oeuvre, categorie,  num_rayon) values (55, 7, 'Thriller', 5);
insert into Etagere (num_etagere, nbre_oeuvre, categorie,  num_rayon) values (56, 6, 'Action', 5);
insert into Etagere (num_etagere, nbre_oeuvre, categorie,  num_rayon) values (57, 6, 'Crime', 5);
insert into Etagere (num_etagere, nbre_oeuvre, categorie,  num_rayon) values (58, 3, 'War', 1);
insert into Etagere (num_etagere, nbre_oeuvre, categorie,  num_rayon) values (59, 6, 'Drama', 2);
insert into Etagere (num_etagere, nbre_oeuvre, categorie,  num_rayon) values (60, 3, 'Documentary', 3);
insert into Etagere (num_etagere, nbre_oeuvre, categorie,  num_rayon) values (61, 3, 'Comedy', 1);
insert into Etagere (num_etagere, nbre_oeuvre, categorie,  num_rayon) values (62, 2, 'Crime', 2);
insert into Etagere (num_etagere, nbre_oeuvre, categorie,  num_rayon) values (63, 3, 'Drama', 3);
insert into Etagere (num_etagere, nbre_oeuvre, categorie,  num_rayon) values (64, 3, 'Horror', 4);
insert into Etagere (num_etagere, nbre_oeuvre, categorie,  num_rayon) values (65, 5, 'Fantasy', 5);
insert into Etagere (num_etagere, nbre_oeuvre, categorie,  num_rayon) values (66, 3, 'Drama', 1);
insert into Etagere (num_etagere, nbre_oeuvre, categorie,  num_rayon) values (67, 4, 'Comedy', 2);
insert into Etagere (num_etagere, nbre_oeuvre, categorie,  num_rayon) values (68, 3, 'Documentary', 3);
insert into Etagere (num_etagere, nbre_oeuvre, categorie,  num_rayon) values (69, 4, 'Romance', 4);
insert into Etagere (num_etagere, nbre_oeuvre, categorie,  num_rayon) values (70, 4, 'Romance', 5);
insert into Etagere (num_etagere, nbre_oeuvre, categorie,  num_rayon) values (71, 5, 'Romance', 1);
insert into Etagere (num_etagere, nbre_oeuvre, categorie,  num_rayon) values (72, 3, 'Crime', 2);
insert into Etagere (num_etagere, nbre_oeuvre, categorie,  num_rayon) values (73, 2, 'Romance', 3);
insert into Etagere (num_etagere, nbre_oeuvre, categorie,  num_rayon) values (74, 4, 'Documentary', 4);
insert into Etagere (num_etagere, nbre_oeuvre, categorie,  num_rayon) values (75, 6, 'Comedy', 5);
insert into Etagere (num_etagere, nbre_oeuvre, categorie,  num_rayon) values (76, 1, 'Romance', 1);
insert into Etagere (num_etagere, nbre_oeuvre, categorie,  num_rayon) values (77, 4, 'Mystery', 2);
insert into Etagere (num_etagere, nbre_oeuvre, categorie,  num_rayon) values (78, 1, 'Drama', 3);
insert into Etagere (num_etagere, nbre_oeuvre, categorie,  num_rayon) values (79, 6, 'Thriller',4);
insert into Etagere (num_etagere, nbre_oeuvre, categorie,  num_rayon) values (80, 3, 'Sci-Fi', 5);
insert into Etagere (num_etagere, nbre_oeuvre, categorie,  num_rayon) values (81, 4, 'Mystery', 1);
insert into Etagere (num_etagere, nbre_oeuvre, categorie,  num_rayon) values (82, 3, 'Drama', 2);
insert into Etagere (num_etagere, nbre_oeuvre, categorie,  num_rayon) values (83, 10, 'Horror', 3);
insert into Etagere (num_etagere, nbre_oeuvre, categorie,  num_rayon) values (84, 5, 'Adventure', 4);
insert into Etagere (num_etagere, nbre_oeuvre, categorie,  num_rayon) values (85, 4, 'Drama', 5);
insert into Etagere (num_etagere, nbre_oeuvre, categorie,  num_rayon) values (86, 8, 'Drama', 1);
insert into Etagere (num_etagere, nbre_oeuvre, categorie,  num_rayon) values (87, 3, 'Thriller', 2);
insert into Etagere (num_etagere, nbre_oeuvre, categorie,  num_rayon) values (88, 3, 'Drama', 3);
insert into Etagere (num_etagere, nbre_oeuvre, categorie,  num_rayon) values (89, 2, 'Documentary', 4);
insert into Etagere (num_etagere, nbre_oeuvre, categorie,  num_rayon) values (90, 4, 'Comedy', 5);
insert into Etagere (num_etagere, nbre_oeuvre, categorie,  num_rayon) values (91, 2, 'Comedy', 1);
insert into Etagere (num_etagere, nbre_oeuvre, categorie,  num_rayon) values (92, 2, 'Thriller', 2);
insert into Etagere (num_etagere, nbre_oeuvre, categorie,  num_rayon) values (93, 3, 'Drama', 3);
insert into Etagere (num_etagere, nbre_oeuvre, categorie,  num_rayon) values (94, 9, 'Crime', 4);
insert into Etagere (num_etagere, nbre_oeuvre, categorie,  num_rayon) values (95, 3, 'Action', 5);
insert into Etagere (num_etagere, nbre_oeuvre, categorie,  num_rayon) values (96, 4, 'Crime', 1);
insert into Etagere (num_etagere, nbre_oeuvre, categorie,  num_rayon) values (97, 10, 'Drama', 2);
insert into Etagere (num_etagere, nbre_oeuvre, categorie,  num_rayon) values (98, 9, 'Comedy', 3);
insert into Etagere (num_etagere, nbre_oeuvre, categorie,  num_rayon) values (99, 9, 'Crime', 4);
insert into Etagere (num_etagere, nbre_oeuvre, categorie,  num_rayon) values (100, 3, 'Romance', 5);



insert into editeur (nom_maison_edition, site_url, adresse) values ('A Book Apart', 'http://bookapart.com', 'London');
insert into editeur (nom_maison_edition, site_url, adresse) values ('Academic Press', 'http://academicpress.com', 'Hobaramachi');
insert into editeur (nom_maison_edition, site_url, adresse) values ('Alfred A. Knopf', 'https://alfredknopf.com', 'New York');
insert into editeur (nom_maison_edition, site_url, adresse) values ('Basic Books', 'http://basicbooks.com', 'Tunisia');
insert into editeur (nom_maison_edition, site_url, adresse) values ('Celeritas Publishing', 'https://celeritas.com', 'Tokyo');
insert into editeur (nom_maison_edition, site_url, adresse) values ('Otcom', 'https://Otcom.com', 'Xino Nero');


/*LIVRE*/
insert into oeuvre (code, id_etagere, id_presentoir) values (1, 29, 1);
insert into oeuvre (code, id_etagere, id_presentoir) values (2, 42, null);
insert into oeuvre (code, id_etagere, id_presentoir) values (3, 6, null);
insert into oeuvre (code, id_etagere, id_presentoir) values (4, 62, 1);
insert into oeuvre (code, id_etagere, id_presentoir) values (5, 94, 2);
insert into oeuvre (code, id_etagere, id_presentoir) values (6, 28, null);
insert into oeuvre (code, id_etagere, id_presentoir) values (7, 65, null);
insert into oeuvre (code, id_etagere, id_presentoir) values (8, 79, null);
insert into oeuvre (code, id_etagere, id_presentoir) values (9, 5, 3);
insert into oeuvre (code, id_etagere, id_presentoir) values (10, 79, null);
insert into oeuvre (code, id_etagere, id_presentoir) values (11, 72, null);
insert into oeuvre (code, id_etagere, id_presentoir) values (12, 85, 4);
insert into oeuvre (code, id_etagere, id_presentoir) values (13, 48, 5);
insert into oeuvre (code, id_etagere, id_presentoir) values (14, 32, null);
insert into oeuvre (code, id_etagere, id_presentoir) values (15, 95, 10);
insert into oeuvre (code, id_etagere, id_presentoir) values (16, 34, null);
insert into oeuvre (code, id_etagere, id_presentoir) values (17, 35, null);
insert into oeuvre (code, id_etagere, id_presentoir) values (18, 91, 5);
insert into oeuvre (code, id_etagere, id_presentoir) values (19, 46, 6);
insert into oeuvre (code, id_etagere, id_presentoir) values (20, 95, null);


/*FILMS*/

insert into oeuvre (code, id_etagere, id_presentoir) values (21, 13, null);
insert into oeuvre (code, id_etagere, id_presentoir) values (22, 42, 7);
insert into oeuvre (code, id_etagere, id_presentoir) values (23, 32, null);
insert into oeuvre (code, id_etagere, id_presentoir) values (24, 56, null);
insert into oeuvre (code, id_etagere, id_presentoir) values (25, 61, 8);
insert into oeuvre (code, id_etagere, id_presentoir) values (26, 64, null);
insert into oeuvre (code, id_etagere, id_presentoir) values (27, 12, 9);
insert into oeuvre (code, id_etagere, id_presentoir) values (28, 86, null);
insert into oeuvre (code, id_etagere, id_presentoir) values (29, 77, null);
insert into oeuvre (code, id_etagere, id_presentoir) values (30, 79, 1);
insert into oeuvre (code, id_etagere, id_presentoir) values (31, 54, null);
insert into oeuvre (code, id_etagere, id_presentoir) values (32, 70, null);
insert into oeuvre (code, id_etagere, id_presentoir) values (33, 13, 3);
insert into oeuvre (code, id_etagere, id_presentoir) values (34, 10, null);
insert into oeuvre (code, id_etagere, id_presentoir) values (35, 55, null);
insert into oeuvre (code, id_etagere, id_presentoir) values (36, 51, 7);
insert into oeuvre (code, id_etagere, id_presentoir) values (37, 83, null);
insert into oeuvre (code, id_etagere, id_presentoir) values (38, 58, null);
insert into oeuvre (code, id_etagere, id_presentoir) values (39, 33, 9);
insert into oeuvre (code, id_etagere, id_presentoir) values (40, 96, 4);
insert into oeuvre (code, id_etagere, id_presentoir) values (41, 73, 4);
insert into oeuvre (code, id_etagere, id_presentoir) values (42, 72, null);
insert into oeuvre (code, id_etagere, id_presentoir) values (43, 73, null);
insert into oeuvre (code, id_etagere, id_presentoir) values (44, 14, 4);
insert into oeuvre (code, id_etagere, id_presentoir) values (45, 12, 5);
insert into oeuvre (code, id_etagere, id_presentoir) values (46, 37, null);
insert into oeuvre (code, id_etagere, id_presentoir) values (47, 40, null);
insert into oeuvre (code, id_etagere, id_presentoir) values (48, 64, null);
insert into oeuvre (code, id_etagere, id_presentoir) values (49, 29, null);
insert into oeuvre (code, id_etagere, id_presentoir) values (50, 6, null);
insert into oeuvre (code, id_etagere, id_presentoir) values (51, 59, null);
insert into oeuvre (code, id_etagere, id_presentoir) values (52, 1, 2);
insert into oeuvre (code, id_etagere, id_presentoir) values (53, 97, 3);
insert into oeuvre (code, id_etagere, id_presentoir) values (54, 21, null);
insert into oeuvre (code, id_etagere, id_presentoir) values (55, 86, null);
insert into oeuvre (code, id_etagere, id_presentoir) values (56, 99, 6);

/*ALBUM*/

insert into oeuvre (code, id_etagere, id_presentoir) values (57, 61, 7);
insert into oeuvre (code, id_etagere, id_presentoir) values (58, 69, null);
insert into oeuvre (code, id_etagere, id_presentoir) values (59, 1, null);
insert into oeuvre (code, id_etagere, id_presentoir) values (60, 94, 2);
insert into oeuvre (code, id_etagere, id_presentoir) values (61, 44, null);
insert into oeuvre (code, id_etagere, id_presentoir) values (62, 58, 8);
insert into oeuvre (code, id_etagere, id_presentoir) values (63, 24, null);
insert into oeuvre (code, id_etagere, id_presentoir) values (64, 31, null);
insert into oeuvre (code, id_etagere, id_presentoir) values (65, 46, 5);
insert into oeuvre (code, id_etagere, id_presentoir) values (66, 22, null);
insert into oeuvre (code, id_etagere, id_presentoir) values (67, 93, null);
insert into oeuvre (code, id_etagere, id_presentoir) values (68, 82, null);
insert into oeuvre (code, id_etagere, id_presentoir) values (69, 7, 9);
insert into oeuvre (code, id_etagere, id_presentoir) values (70, 66, null);
insert into oeuvre (code, id_etagere, id_presentoir) values (71, 30, 8);
insert into oeuvre (code, id_etagere, id_presentoir) values (72, 62, null);
insert into oeuvre (code, id_etagere, id_presentoir) values (73, 48, null);
insert into oeuvre (code, id_etagere, id_presentoir) values (74, 64, 4);
insert into oeuvre (code, id_etagere, id_presentoir) values (75, 47, null);
insert into oeuvre (code, id_etagere, id_presentoir) values (76, 67, 1);

insert into auteur (matricule, nom, prenom, date_naissance, nationalite) values (1, 'Elizabeth', 'MacKartan', to_date( '12/03/1859','DD/MM/YYYY'), 'Peru');
insert into auteur (matricule, nom, prenom, date_naissance, nationalite) values (2, 'Sherwynd', 'Tupie', to_date( '02/07/1976','DD/MM/YYYY'), 'China');
insert into auteur (matricule, nom, prenom, date_naissance, nationalite) values (3, 'Benson', 'Vasishchev', to_date( '01/11/1812','DD/MM/YYYY'), 'Sweden');
insert into auteur (matricule, nom, prenom, date_naissance, nationalite) values (4, 'Blinni', 'Vigours', to_date( '04/09/1989','DD/MM/YYYY'), 'Mexico');
insert into auteur (matricule, nom, prenom, date_naissance, nationalite) values (5, 'Antoni', 'Scatchard',to_date( '07/04/1989','DD/MM/YYYY') , 'Australia');
insert into auteur (matricule, nom, prenom, date_naissance, nationalite) values (6, 'Odele', 'Salazar', to_date('01/01/1914' ,'DD/MM/YYYY'), 'China');
insert into auteur (matricule, nom, prenom, date_naissance, nationalite) values (7, 'Cherye', 'Fenge', to_date('01/03/1894','DD/MM/YYYY'), 'South Africa');
insert into auteur (matricule, nom, prenom, date_naissance, nationalite) values (8, 'Oby', 'Fearenside', to_date('07/07/1949','DD/MM/YYYY'), 'Indonesia');
insert into auteur (matricule, nom, prenom, date_naissance, nationalite) values (9, 'Birgitta', 'Bursnoll',to_date('04/04/1931','DD/MM/YYYY') , 'Uruguay');
insert into auteur (matricule, nom, prenom, date_naissance, nationalite) values (10, 'Riannon', 'Dougherty',to_date('12/09/1862','DD/MM/YYYY'), 'China');
insert into auteur (matricule, nom, prenom, date_naissance, nationalite) values (11, 'Lauri', 'O'' Molan', to_date('12/05/2011' ,'DD/MM/YYYY'), 'United States');
insert into auteur (matricule, nom, prenom, date_naissance, nationalite) values (12, 'Olympie', 'Potticary',to_date('06/05/2014' ,'DD/MM/YYYY') , 'Peru');
insert into auteur (matricule, nom, prenom, date_naissance, nationalite) values (13, 'Gilberta', 'Fragino',to_date('09/12/1811','DD/MM/YYYY') , 'France');
insert into auteur (matricule, nom, prenom, date_naissance, nationalite) values (14, 'Lev', 'Herrieven',to_date('10/01/1873','DD/MM/YYYY') , 'Russia');
insert into auteur (matricule, nom, prenom, date_naissance, nationalite) values (15, 'Gawen', 'Maffulli',to_date('08/04/1923' ,'DD/MM/YYYY'), 'China');

insert into livre (code, nbpages, ISBN, titre, date_sortie,matricule_aut,nom_maison_edition) values (1, 341, null, 'Lean Software Development: An Agile Toolkit', to_date('12/2/1826','DD/MM/YYYY'),1,'A Book Apart');
insert into livre (code, nbpages, ISBN, titre, date_sortie,matricule_aut,nom_maison_edition) values (2, 395, '146315394-5', 'Facing the Intelligence Explosion', to_date('20/01/1946','DD/MM/YYYY'),1,'Academic Press');
insert into livre (code, nbpages, ISBN, titre, date_sortie,matricule_aut,nom_maison_edition) values (3, 307, '980663224-9', 'They Call Me Bruce? (a.k.a. A Fistful of Chopsticks)', to_date('24/11/1954','DD/MM/YYYY'),1,'Alfred A. Knopf');
insert into livre (code, nbpages, ISBN, titre, date_sortie,matricule_aut,nom_maison_edition) values (4, 321, '767017750-0', 'Patterns of Software: Tales from the Software Community',to_date('05/12/1890','DD/MM/YYYY'),2,'Alfred A. Knopf');
insert into livre (code, nbpages, ISBN, titre, date_sortie,matricule_aut,nom_maison_edition) values (5, 76, '192473569-5', 'Wristcutters: A Love Story', to_date('31/05/1930','DD/MM/YYYY'),2,'Academic Press');
insert into livre (code, nbpages, ISBN, titre, date_sortie,matricule_aut,nom_maison_edition) values (6, 162, '605128713-2', 'The Life of Pi' , to_date('13/08/2012','DD/MM/YYYY'),3,'Academic Press');
insert into livre (code, nbpages, ISBN, titre, date_sortie,matricule_aut,nom_maison_edition) values (7, 295, '408361543-5', 'Schindler list', to_date('26/07/1993','DD/MM/YYYY'),5,'Academic Press');
insert into livre (code, nbpages, ISBN, titre, date_sortie,matricule_aut,nom_maison_edition) values (8, 333, '505128574-0', 'Dark Lurking, The',to_date('23/07/2021','DD/MM/YYYY'),4,'Alfred A. Knopf');
insert into livre (code, nbpages, ISBN, titre, date_sortie,matricule_aut,nom_maison_edition) values (9, 181, '470562848-9', 'XML: Visual QuickStart Guide',to_date('20/05/1908','DD/MM/YYYY'),4,'Basic Books');
insert into livre (code, nbpages, ISBN, titre, date_sortie,matricule_aut,nom_maison_edition) values (10, 79, '240500349-X', 'SQL Cookbook', to_date('04/12/1865','DD/MM/YYYY'),5,'Basic Books');
insert into livre (code, nbpages, ISBN, titre, date_sortie,matricule_aut,nom_maison_edition) values (11, 126, '484695283-5', 'The Architecture of Symbolic Computers',to_date( '09/10/1874','DD/MM/YYYY'),5,'Basic Books');
insert into livre (code, nbpages, ISBN, titre, date_sortie,matricule_aut,nom_maison_edition) values (12, 234, '905015374-7', 'Adventures of Prince Achmed', to_date( '09/05/1995','DD/MM/YYYY'),6,'Celeritas Publishing');
insert into livre (code, nbpages, ISBN, titre, date_sortie,matricule_aut,nom_maison_edition) values (13, 161, null, ' The Shawshank Redemption', to_date( '03/03/1994','DD/MM/YYYY'),8,'Celeritas Publishing');
insert into livre (code, nbpages, ISBN, titre, date_sortie,matricule_aut,nom_maison_edition) values (14, 74, null, '48 minutes pour vivre',to_date( '04/02/1820','DD/MM/YYYY') ,7,'A Book Apart');
insert into livre (code, nbpages, ISBN, titre, date_sortie,matricule_aut,nom_maison_edition) values (15, 258, '920953423-9', 'Mr. Nice', to_date( '01/11/1820','DD/MM/YYYY'),9,'Basic Books');
insert into livre (code, nbpages, ISBN, titre, date_sortie,matricule_aut,nom_maison_edition) values (16, 323, '411446211-2', 'Quest',to_date( '06/04/2002','DD/MM/YYYY') ,7,'A Book Apart');
insert into livre (code, nbpages, ISBN, titre, date_sortie,matricule_aut,nom_maison_edition) values (17, 192, '124663732-4', 'Fight  Club ',to_date( '06/06/2002','DD/MM/YYYY'),9,'Alfred A. Knopf');
insert into livre (code, nbpages, ISBN, titre, date_sortie,matricule_aut,nom_maison_edition) values (18, 287, '811572724-5', 'Becoming a Technical Leader: An Organic Problem-Solving Approach',to_date( '12/09/1850','DD/MM/YYYY') ,15,'Celeritas Publishing');
insert into livre (code, nbpages, ISBN, titre, date_sortie,matricule_aut,nom_maison_edition) values (19, 333, '758029160-6', 'To Kill A Mockingbird ',to_date('12/12/1878' ,'DD/MM/YYYY'),10,'Alfred A. Knopf');
insert into livre (code, nbpages, ISBN, titre, date_sortie,matricule_aut,nom_maison_edition) values (20, 114, '100015705-9', 'What is HTML 5?', to_date( '12/2/1878','DD/MM/YYYY'),8,'Otcom');


Insert into ARTISTE (MATRICULE,NOM,PRENOM,DATE_NAISSANCE, NATIONALITE) values ('34','Abdelhamid','bouchnak',null, 'Tunisia');
Insert into ARTISTE (MATRICULE,NOM,PRENOM,DATE_NAISSANCE, NATIONALITE) values ('37','Bryan','Singer',to_date('17/09/1965','DD/MM/YYYY'), 'China');
Insert into ARTISTE (MATRICULE,NOM,PRENOM,DATE_NAISSANCE, NATIONALITE) values ('36','Rami','Malek',to_date('12/05/1981','DD/MM/YYYY'), 'Indonesia');
Insert into ARTISTE (MATRICULE,NOM,PRENOM,DATE_NAISSANCE, NATIONALITE) values ('38','Adam','McKay',to_date('17/04/1968','DD/MM/YYYY'), 'Canada');
Insert into ARTISTE (MATRICULE,NOM,PRENOM,DATE_NAISSANCE, NATIONALITE) values ('35','jennifer','lawrance',to_date('15/08/1990','DD/MM/YYYY') , 'Portugal');
Insert into ARTISTE (MATRICULE,NOM,PRENOM,DATE_NAISSANCE, NATIONALITE) values ('33','Ricky','Gervais',to_date('25/07/1961','DD/MM/YYYY') ,  'Luxembourg');
Insert into ARTISTE (MATRICULE,NOM,PRENOM,DATE_NAISSANCE, NATIONALITE) values ('1','Allen','Woody',to_date('01/12/1935','DD/MM/YYYY'),'Portugal' );
Insert into ARTISTE (MATRICULE,NOM,PRENOM,DATE_NAISSANCE, NATIONALITE) values ('2','Lynch','David',to_date('20/01/1946','DD/MM/YYYY'), 'Greece' );
Insert into ARTISTE (MATRICULE,NOM,PRENOM,DATE_NAISSANCE, NATIONALITE) values ('3','Kusturica','Emir',to_date('24/11/1954','DD/MM/YYYY'),'Ukraine' );
Insert into ARTISTE (MATRICULE,NOM,PRENOM,DATE_NAISSANCE, NATIONALITE) values ('4','Lang','Fritz',to_date('05/12/1890','DD/MM/YYYY'), 'Mexico' );
Insert into ARTISTE (MATRICULE,NOM,PRENOM,DATE_NAISSANCE, NATIONALITE) values ('5','Eastwood','Clint',to_date('31/05/1930','DD/MM/YYYY'),'Philippines' );
Insert into ARTISTE (MATRICULE,NOM,PRENOM,DATE_NAISSANCE, NATIONALITE) values ('6','Hitchcock','Alfred',to_date('13/08/1899','DD/MM/YYYY'), 'Brazil' );
Insert into ARTISTE (MATRICULE,NOM,PRENOM,DATE_NAISSANCE, NATIONALITE) values ('7','Kubrick','Stanley',to_date('26/07/1928','DD/MM/YYYY'), 'Luxembourg' );
Insert into ARTISTE (MATRICULE,NOM,PRENOM,DATE_NAISSANCE, NATIONALITE) values ('8','Curtis','Michael',to_date('23/07/1938','DD/MM/YYYY'), 'Canada');
Insert into ARTISTE (MATRICULE,NOM,PRENOM,DATE_NAISSANCE, NATIONALITE) values ('9','Stewart','James',to_date('20/05/1908','DD/MM/YYYY'),'United States' );
Insert into ARTISTE (MATRICULE,NOM,PRENOM,DATE_NAISSANCE, NATIONALITE) values ('10','Novak','Kim',to_date('13/02/1933','DD/MM/YYYY'), 'China');
Insert into ARTISTE (MATRICULE,NOM,PRENOM,DATE_NAISSANCE, NATIONALITE) values ('11','Hunt','Greg',to_date('18/11/1965','DD/MM/YYYY'),'Ukraine' );
Insert into ARTISTE (MATRICULE,NOM,PRENOM,DATE_NAISSANCE, NATIONALITE) values ('12','Tarantino','Quentin',to_date('27/03/1963','DD/MM/YYYY'),'Finland' );
Insert into ARTISTE (MATRICULE,NOM,PRENOM,DATE_NAISSANCE, NATIONALITE) values ('13','Willis','Bruce',to_date('19/03/1955','DD/MM/YYYY'), 'Mexico' );
Insert into ARTISTE (MATRICULE,NOM,PRENOM,DATE_NAISSANCE, NATIONALITE) values ('14','Spielberg','Steven',to_date('18/12/1946','DD/MM/YYYY'),'Tunisia' );
Insert into ARTISTE (MATRICULE,NOM,PRENOM,DATE_NAISSANCE, NATIONALITE) values ('15','Hudson','Hugh',to_date('25/08/1936','DD/MM/YYYY'), 'Brazil' );
Insert into ARTISTE (MATRICULE,NOM,PRENOM,DATE_NAISSANCE, NATIONALITE) values ('16','Gillian','Terry',to_date('22/11/1940','DD/MM/YYYY'), 'Saudi Arabia' );
Insert into ARTISTE (MATRICULE,NOM,PRENOM,DATE_NAISSANCE, NATIONALITE) values ('17','Truffaut','Francois',to_date('06/02/1932','DD/MM/YYYY'), 'Saudi Arabia' );
Insert into ARTISTE (MATRICULE,NOM,PRENOM,DATE_NAISSANCE, NATIONALITE) values ('18','Lambert','Christophe',to_date('29/03/1957','DD/MM/YYYY'),'Cuba' );
Insert into ARTISTE (MATRICULE,NOM,PRENOM,DATE_NAISSANCE, NATIONALITE) values ('19','Keitel','Harvey',to_date('13/05/1939','DD/MM/YYYY'),'Cuba');
Insert into ARTISTE (MATRICULE,NOM,PRENOM,DATE_NAISSANCE, NATIONALITE) values ('20','Woo','John',to_date('01/05/1946','DD/MM/YYYY'), 'South Korea');
Insert into ARTISTE (MATRICULE,NOM,PRENOM,DATE_NAISSANCE, NATIONALITE) values ('21','Travolta','John',to_date('18/02/1954','DD/MM/YYYY'),'China');
Insert into ARTISTE (MATRICULE,NOM,PRENOM,DATE_NAISSANCE, NATIONALITE) values ('22','Cage','Nicolas',to_date('07/01/1964','DD/MM/YYYY'), 'Germany');
Insert into ARTISTE (MATRICULE,NOM,PRENOM,DATE_NAISSANCE, NATIONALITE) values ('23','DiCaprio','Leonardo',to_date('11/11/1974','DD/MM/YYYY'),'United States');
Insert into ARTISTE (MATRICULE,NOM,PRENOM,DATE_NAISSANCE, NATIONALITE) values ('24','Cameron','James',to_date('16/08/1954','DD/MM/YYYY'), 'Morocco');
Insert into ARTISTE (MATRICULE,NOM,PRENOM,DATE_NAISSANCE, NATIONALITE) values ('25','Cruise','Tom',to_date('03/07/1962','DD/MM/YYYY'), 'Morocco');
Insert into ARTISTE (MATRICULE,NOM,PRENOM,DATE_NAISSANCE, NATIONALITE) values ('26','De Palma','Brian',to_date('11/09/1940','DD/MM/YYYY'), 'South Korea');
Insert into ARTISTE (MATRICULE,NOM,PRENOM,DATE_NAISSANCE, NATIONALITE) values ('27','Depp','Johnny',to_date('09/06/1963','DD/MM/YYYY'),  'Luxembourg');
Insert into ARTISTE (MATRICULE,NOM,PRENOM,DATE_NAISSANCE, NATIONALITE) values ('28','Ricci','Christina',to_date('12/02/1980','DD/MM/YYYY'),'United States');
Insert into ARTISTE (MATRICULE,NOM,PRENOM,DATE_NAISSANCE, NATIONALITE) values ('29','Burton','Tim',to_date('25/08/1958','DD/MM/YYYY'),'China');
Insert into ARTISTE (MATRICULE,NOM,PRENOM,DATE_NAISSANCE, NATIONALITE) values ('30','Travolta','John',null,'France');
Insert into ARTISTE (MATRICULE,NOM,PRENOM,DATE_NAISSANCE, NATIONALITE) values ('32',' Dupotager',' Jean',null,'France');



/************************----FILM-----******************************/



INSERT INTO Film (CODE_F, titre, annee, MATRICULE_REAL)
		VALUES (21 ,'Don t Look Up', 2021, 38);
INSERT INTO Film (CODE_F, titre, annee, MATRICULE_REAL)
		VALUES (22 , 'Bohemian Rhapsody', 2018, 37);
INSERT INTO Film (CODE_F, titre, annee, MATRICULE_REAL)
		VALUES (23, 'Dachra', 2018, 34);
INSERT INTO Film (CODE_F, titre, annee, MATRICULE_REAL)
		VALUES (24, 'Special Correspondents', 2016, 33);
INSERT INTO Film (CODE_F, titre, annee, MATRICULE_REAL)
		VALUES (25, 'Annie Hall', 1977, 1);
INSERT INTO Film (CODE_F, titre, annee, MATRICULE_REAL)
		VALUES (26, 'Brazil', 1984, 16);
INSERT INTO Film (CODE_F, titre, annee, MATRICULE_REAL)
		VALUES (27, 'Underground', 1995, 3);
INSERT INTO Film (CODE_F, titre, annee, MATRICULE_REAL)
		VALUES (28, 'Metropolis', 1926, 4);
INSERT INTO Film (CODE_F, titre, annee, MATRICULE_REAL)
		VALUES (29, 'Impitoyable', 1992, 5);
INSERT INTO Film (CODE_F, titre, annee, MATRICULE_REAL)
		VALUES (30, 'Vertigo', 1958, 6);
INSERT INTO Film (CODE_F, titre, annee, MATRICULE_REAL)
		VALUES (31, 'Shining', 1980, 7);
INSERT INTO Film (CODE_F, titre, annee, MATRICULE_REAL)
		VALUES (32, 'Psychose', 1960, 6);
INSERT INTO Film (CODE_F, titre, annee, MATRICULE_REAL)
		VALUES (33, 'Twin Peaks', 1990, 2);
INSERT INTO Film (CODE_F, titre, annee, MATRICULE_REAL)
		VALUES (34, 'Casablanca', 1942, 8);
INSERT INTO Film (CODE_F, titre, annee, MATRICULE_REAL)
		VALUES (35, 'Greystocke', 1984, 15);
INSERT INTO Film (CODE_F, titre, annee, MATRICULE_REAL)
		VALUES (36, 'Le dernier metro', 1980, 17);
INSERT INTO Film (CODE_F, titre, annee, MATRICULE_REAL)
		VALUES (37, 'Reservoir Dogs', 1992, 12);
INSERT INTO Film (CODE_F, titre, annee, MATRICULE_REAL)
		VALUES (38, 'Manhattan', 1979, 1);
INSERT INTO Film (CODE_F, titre, annee, MATRICULE_REAL)
		VALUES (39, 'Jurassic Park', 1992, 14);
INSERT INTO Film (CODE_F, titre, annee, MATRICULE_REAL)
		VALUES (40, 'Rencontres du 3eme type', 1978, 14);
INSERT INTO Film (CODE_F, titre, annee, MATRICULE_REAL)
		VALUES (41, 'Piege de cristal', 1990, 11);
INSERT INTO Film (CODE_F, titre, annee, MATRICULE_REAL)
		VALUES (42, 'Une journee en enfer', 1994, 11);
INSERT INTO Film (CODE_F, titre, annee, MATRICULE_REAL)
		VALUES (43, '48 minutes pour vivre', 1992, 11);
INSERT INTO Film (CODE_F, titre, annee, MATRICULE_REAL)
		VALUES (44, 'Pulp Fiction', 1995, 12);
INSERT INTO Film (CODE_F, titre, annee, MATRICULE_REAL)
		VALUES (45, 'Broken Arrow', 1996, 20);
INSERT INTO Film (CODE_F, titre, annee, MATRICULE_REAL)
		VALUES (46, 'Volte-Face', 1997, 20);
INSERT INTO Film (CODE_F, titre, annee, MATRICULE_REAL)
		VALUES (47, 'Titanic', 1998, 24);
INSERT INTO Film (CODE_F, titre, annee, MATRICULE_REAL)
		VALUES (48, 'Mission Impossible 2', 2000, 20);
INSERT INTO Film (CODE_F, titre, annee, MATRICULE_REAL)
		VALUES (49, 'Mission Impossible', 1997, 26);
INSERT INTO Film (CODE_F, titre, annee, MATRICULE_REAL)
		VALUES (50, 'Edward aux mains d''argent', 1990, 29);
INSERT INTO Film (CODE_F, titre, annee, MATRICULE_REAL)
		VALUES (51, 'Sleepy Hollow', 1999, 29);
INSERT INTO Film (CODE_F, titre, annee, MATRICULE_REAL)
		VALUES (52, 'To Kill A Mockingbird', 1998, 24);
INSERT INTO Film (CODE_F, titre, annee, MATRICULE_REAL)
		VALUES (53, 'Fight Club', 2000, 20);
INSERT INTO Film (CODE_F, titre, annee, MATRICULE_REAL)
		VALUES (54, 'The Shawshank Redemption', 1997, 26);
INSERT INTO Film (CODE_F, titre, annee, MATRICULE_REAL)
		VALUES (55, 'Schindler list', 1990, 29);
INSERT INTO Film (CODE_F, titre, annee, MATRICULE_REAL)
		VALUES (56, 'The Life of Pi', 1999, 29);

/************************----FILM_ADAPTE_LIVRE-----******************************/


insert into film_adapte_livre (codeL, CODE_F) values (19,52 );
insert into film_adapte_livre (codeL, CODE_F) values (17, 53);
insert into film_adapte_livre (codeL, CODE_F) values (13, 54); 
insert into film_adapte_livre (codeL, CODE_F) values (7,55); 
insert into film_adapte_livre (codeL, CODE_F) values (6 , 56);


/************************----Rolee-----******************************/

/* role,film,acteur*/
INSERT INTO Rolee VALUES ('Kate', 21, 35);
INSERT INTO Rolee VALUES ('Bohemian Rhapsody', 22, 36);
INSERT INTO Rolee VALUES ('Bernard', 40, 17);
INSERT INTO Rolee VALUES ('Davis', 38, 1);
INSERT INTO Rolee VALUES ('Tarzan', 35, 18);
INSERT INTO Rolee VALUES ('Ferguson', 30, 9);
INSERT INTO Rolee VALUES ('Elster', 30, 10);
INSERT INTO Rolee VALUES ('Jonas', 30, 1);
INSERT INTO Rolee VALUES ('McLane', 41, 13);
INSERT INTO Rolee VALUES ('McLane', 42, 13);
INSERT INTO Rolee VALUES ('McLane', 21, 13);
INSERT INTO Rolee VALUES ('Mr Brown', 37, 12);
INSERT INTO Rolee VALUES ('Munny', 29, 5);
INSERT INTO Rolee VALUES ('Mr White', 37, 19);
INSERT INTO Rolee VALUES ('Wolf', 44, 19);
INSERT INTO Rolee VALUES ('Coolidge', 44, 13);
INSERT INTO Rolee VALUES ('Vega', 44, 21);
INSERT INTO Rolee VALUES ('Deakins', 45, 21);
INSERT INTO Rolee VALUES ('Archer', 46, 21);
INSERT INTO Rolee VALUES ('Troy', 46, 22);
INSERT INTO Rolee VALUES ('Dowson', 47, 23);
INSERT INTO Rolee VALUES ('Howard', 48, 25);
INSERT INTO Rolee VALUES ('Howard', 49, 25);
INSERT INTO Rolee VALUES ('Crane', 51, 27);
INSERT INTO Rolee VALUES ('Edward', 50, 27);
INSERT INTO Rolee VALUES ('Van Tassel', 51, 28);

/************************----ADHERENT-----******************************/

insert into adherent (matricule_adh, email_adh, phone_adh, NATIONALITE, nom_adh,  prenom_adh,  date_naiss_ad, ADRESS_adh, date_Debadh, date_Finadh) values (1, 'cgravet0@bizjournals.com', '+86 656 519 4828', 'China', 'Nucator', 'Aliquam.txt', '18/7/1997', '79200 Longview Pass', '31/8/2020', '6/10/2021');
insert into adherent (matricule_adh, email_adh, phone_adh, NATIONALITE, nom_adh,  prenom_adh,  date_naiss_ad, ADRESS_adh, date_Debadh, date_Finadh) values (2, 'ptallowin1@about.me', '+86 957 844 3847', 'China', 'Pryke', 'Lorem.mp3', '2/2/1980', '5893 Eggendart Junction', '26/8/2020', '28/6/2021');
insert into adherent (matricule_adh, email_adh, phone_adh, NATIONALITE, nom_adh,  prenom_adh,  date_naiss_ad, ADRESS_adh, date_Debadh, date_Finadh) values (3, 'pjessen2@deliciousdays.com', '+86 266 356 7767', 'China', 'Bockler', 'ImperdietSapienUrna.tiff', '12/12/1984', '88185 Banding Circle', '13/1/2021', '19/10/2021');
insert into adherent (matricule_adh, email_adh, phone_adh, NATIONALITE, nom_adh,  prenom_adh,  date_naiss_ad, ADRESS_adh, date_Debadh, date_Finadh) values (4, 'bboyce3@oracle.com''epapez3@ebay.co.uk', '+7 431 631 3846', 'Russia', 'Papez', 'Sagittis.jpeg', '7/3/1976', '78 Emmet Circle', '16/7/2020', '11/10/2021');
insert into adherent (matricule_adh, email_adh, phone_adh, NATIONALITE, nom_adh,  prenom_adh,  date_naiss_ad, ADRESS_adh, date_Debadh, date_Finadh) values (5, 'aplumb4@miibeian.gov.cn', '+234 116 801 5493', 'Nigeria', 'Dales', 'Erat.mpeg', '16/9/1995', '304 Cody Park', '14/9/2020', '31/1/2022');
insert into adherent (matricule_adh, email_adh, phone_adh, NATIONALITE, nom_adh,  prenom_adh,  date_naiss_ad, ADRESS_adh, date_Debadh, date_Finadh) values (6, 'cbuddleigh5@cbslocal.com', '+351 882 365 8977', 'Portugal', 'Gooday', 'Non.avi', '21/5/1995', '73116 Harbort Hill', '2/7/2020', '13/9/2021');
insert into adherent (matricule_adh, email_adh, phone_adh, NATIONALITE, nom_adh,  prenom_adh,  date_naiss_ad, ADRESS_adh, date_Debadh, date_Finadh) values (7, 'bnucci6@buzzfeed.com', '+1 655 675 7366', 'Canada', 'Delaney', 'ElementumPellentesque.avi', '21/7/1978', '847 Vera Way', '2/7/2020', '3/9/2021');
insert into adherent (matricule_adh, email_adh, phone_adh, NATIONALITE, nom_adh,  prenom_adh,  date_naiss_ad, ADRESS_adh, date_Debadh, date_Finadh) values (8, 'dmulliss7@unicef.org', '+48 991 910 1160', 'Poland', 'Etienne', 'AcEst.xls', '10/7/2004', '51819 Sheridan Hill', '18/5/2020', '25/12/2021');
insert into adherent (matricule_adh, email_adh, phone_adh, NATIONALITE, nom_adh,  prenom_adh,  date_naiss_ad, ADRESS_adh, date_Debadh, date_Finadh) values (9, 'nbouzan8@naver.com', '+81 242 345 9737', 'Japan', 'Hubble', 'Pede.png', '10/5/1973', '769 Vera Court', '12/10/2020', '9/9/2021');
insert into adherent (matricule_adh, email_adh, phone_adh, NATIONALITE, nom_adh,  prenom_adh,  date_naiss_ad, ADRESS_adh, date_Debadh, date_Finadh) values (10, 'demtage9@soundcloud.com', '+52 418 430 0337', 'Mexico', 'Gillebride', 'Integer.xls', '7/6/1998', '02780 Carioca Parkway', '2/1/2021', '17/10/2021');
insert into adherent (matricule_adh, email_adh, phone_adh, NATIONALITE, nom_adh,  prenom_adh,  date_naiss_ad, ADRESS_adh, date_Debadh, date_Finadh) values (11, 'gmatthiasa@uiuc.edu', '+62 320 891 9836', 'Indonesia', 'Raulin', 'Sit.gif', '6/4/1998', '2744 Mallard Center', '10/7/2020', '7/2/2022');
insert into adherent (matricule_adh, email_adh, phone_adh, NATIONALITE, nom_adh,  prenom_adh,  date_naiss_ad, ADRESS_adh, date_Debadh, date_Finadh) values (12,  'kcongdonb@wikia.com', '+48 471 919 8731', 'Poland', 'Pouck', 'Fusce.tiff', '29/1/1974', '36 Hallows Street', '21/9/2020', '8/11/2021');
insert into adherent (matricule_adh, email_adh, phone_adh, NATIONALITE, nom_adh,  prenom_adh,  date_naiss_ad, ADRESS_adh, date_Debadh, date_Finadh) values (13,  'dgittosec@mac.com', '+81 436 182 3894', 'Japan', 'Irlam', 'DictumstAliquam.tiff', '21/10/1975', '9 Thierer Hill', '8/4/2021', '5/10/2021');
insert into adherent (matricule_adh, email_adh, phone_adh, NATIONALITE, nom_adh,  prenom_adh,  date_naiss_ad, ADRESS_adh, date_Debadh, date_Finadh) values (14, 'neliazd@seesaa.net', '+351 600 472 0649', 'Portugal', 'Melanaphy', 'InImperdiet.jpeg', '10/8/1995', '2 Forest Crossing', '13/8/2020', '7/12/2021');
insert into adherent (matricule_adh, email_adh, phone_adh, NATIONALITE, nom_adh,  prenom_adh,  date_naiss_ad, ADRESS_adh, date_Debadh, date_Finadh) values (15,'lceccolie@apache.org', '+262 963 175 4198', 'Reunion', 'Rosas', 'EstRisusAuctor.txt', '16/9/1986', '38 Southridge Point', '6/11/2020', '1/5/2022');
insert into adherent (matricule_adh, email_adh, phone_adh, NATIONALITE, nom_adh,  prenom_adh,  date_naiss_ad, ADRESS_adh, date_Debadh, date_Finadh) values (16,  'erallinshawf@ustream.tv', '+62 377 647 7198', 'Indonesia', 'Terbrugge', 'Ut.xls', '20/12/1983', '6 Melrose Drive', '14/5/2020', '27/9/2021');
insert into adherent (matricule_adh, email_adh, phone_adh, NATIONALITE, nom_adh,  prenom_adh,  date_naiss_ad, ADRESS_adh, date_Debadh, date_Finadh) values (17, 'thammg@so-net.ne.jp', '+7 357 548 2784', 'Russia', 'Fillis', 'AdipiscingLoremVitae.avi', '23/2/1999', '151 Laurel Crossing', '16/10/2020', '29/4/2022');
insert into adherent (matricule_adh, email_adh, phone_adh, NATIONALITE, nom_adh,  prenom_adh,  date_naiss_ad, ADRESS_adh, date_Debadh, date_Finadh) values (18,'apierroh@patch.com', '+1 636 813 6653', 'Canada', 'Beagrie', 'In.png', '19/12/1975', '189 Victoria Way', '4/10/2020', '10/12/2021');
insert into adherent (matricule_adh, email_adh, phone_adh, NATIONALITE, nom_adh,  prenom_adh,  date_naiss_ad, ADRESS_adh, date_Debadh, date_Finadh) values (19, 'ebasticki@hc360.com', '+51 126 497 8977', 'Peru', 'Spellessy', 'Ut.avi', '19/11/1981', '7 Summer Ridge Point', '9/7/2020', '21/3/2022');
insert into adherent (matricule_adh, email_adh, phone_adh, NATIONALITE, nom_adh,  prenom_adh,  date_naiss_ad, ADRESS_adh, date_Debadh, date_Finadh) values (20, 'cjearumj@toplist.cz', '+86 336 982 0526', 'China', 'Wentworth', 'TellusNisiEu.png', '8/9/1987', '5 Roxbury Drive', '5/11/2020', '7/1/2022');
insert into adherent (matricule_adh, email_adh, phone_adh, NATIONALITE, nom_adh,  prenom_adh,  date_naiss_ad, ADRESS_adh, date_Debadh, date_Finadh) values (21,'vdiegank@1688.com', '+502 290 759 5367', 'Guatemala', 'Green', 'TempusVivamusIn.avi', '21/3/1995', '842 Division Pass', '9/1/2021', '2/8/2021');
insert into adherent (matricule_adh, email_adh, phone_adh, NATIONALITE, nom_adh,  prenom_adh,  date_naiss_ad, ADRESS_adh, date_Debadh, date_Finadh) values (22, 'tsurmeyersl@marketwatch.com', '+86 578 653 9788', 'China', 'Corbally', 'Erat.jpeg', '1/3/1978', '06 Farragut Way', '12/2/2021', '16/12/2021');
insert into adherent (matricule_adh, email_adh, phone_adh, NATIONALITE, nom_adh,  prenom_adh,  date_naiss_ad, ADRESS_adh, date_Debadh, date_Finadh) values (23,'hpennycookm@samsung.com', '+36 702 185 6520', 'Hungary', 'Ruske', 'Nunc.mp3', '1/8/1970', '5315 Jackson Place', '11/3/2021', '16/12/2021');
insert into adherent (matricule_adh, email_adh, phone_adh, NATIONALITE, nom_adh,  prenom_adh,  date_naiss_ad, ADRESS_adh, date_Debadh, date_Finadh) values (24,  'cchewn@europa.eu', '+351 905 478 8906', 'Portugal', 'Reuble', 'CondimentumIdLuctus.avi', '21/6/1988', '55 Butterfield Point', '30/11/2020', '27/10/2021');
insert into adherent (matricule_adh, email_adh, phone_adh, NATIONALITE, nom_adh,  prenom_adh,  date_naiss_ad, ADRESS_adh, date_Debadh, date_Finadh) values (25,'amacandreiso@twitter.com', '+20 693 841 0058', 'Egypt', 'Bergstrand', 'JustoSollicitudinUt.xls', '1/10/2002', '8 Fairfield Center', '16/9/2020', '11/10/2021');
insert into adherent (matricule_adh, email_adh, phone_adh, NATIONALITE, nom_adh,  prenom_adh,  date_naiss_ad, ADRESS_adh, date_Debadh, date_Finadh) values (26, 'mvestp@1und1.de', '+63 937 493 6394', 'Philippines', 'Trusler', 'MolestieSedJusto.avi', '3/6/1970', '559 Crownhardt Hill', '1/2/2021', '7/3/2022');
insert into adherent (matricule_adh, email_adh, phone_adh, NATIONALITE, nom_adh,  prenom_adh,  date_naiss_ad, ADRESS_adh, date_Debadh, date_Finadh) values (27, 'akingshottq@hostgator.com', '+55 807 238 3211', 'Brazil', 'Mingard', 'UltricesErat.ppt', '18/10/1992', '35 Mosinee Avenue', '22/10/2020', '29/4/2022');
insert into adherent (matricule_adh, email_adh, phone_adh, NATIONALITE, nom_adh,  prenom_adh,  date_naiss_ad, ADRESS_adh, date_Debadh, date_Finadh) values (28, 'tgambler@youtube.com', '+62 452 102 0513', 'Indonesia', 'Mylechreest', 'LoremIpsumDolor.xls', '18/4/1986', '37863 Shopko Drive', '23/9/2020', '20/6/2021');
insert into adherent (matricule_adh, email_adh, phone_adh, NATIONALITE, nom_adh,  prenom_adh,  date_naiss_ad, ADRESS_adh, date_Debadh, date_Finadh) values (29, 'pbaignards@tiny.cc', '+351 398 816 1816', 'Portugal', 'Withey', 'IpsumAcTellus.avi', '4/1/1971', '17611 Surrey Alley', '13/6/2020', '3/7/2021');
insert into adherent (matricule_adh, email_adh, phone_adh, NATIONALITE, nom_adh,  prenom_adh,  date_naiss_ad, ADRESS_adh, date_Debadh, date_Finadh) values (30, 'raldisst@go.com', '+351 639 100 8987', 'Portugal', 'Renols', 'IpsumPrimisIn.mp3', '4/9/1980', '153 Sullivan Alley', '26/5/2020', '21/6/2021');


insert into emprunt (matricule_adh, code, date_debut, date_fin) values (22, 56, '20/02/2021', '25/06/2022');
insert into emprunt (matricule_adh, code, date_debut, date_fin) values (11, 8, '03/05/2021', '29/09/2022');
insert into emprunt (matricule_adh, code, date_debut, date_fin) values (16, 50, '23/05/2021', '07/01/2022');
insert into emprunt (matricule_adh, code, date_debut, date_fin) values (17, 40, '12/12/2021', '05/05/2022');
insert into emprunt (matricule_adh, code, date_debut, date_fin) values (23, 22, '10/06/2021', '28/03/2022');
insert into emprunt (matricule_adh, code, date_debut, date_fin) values (6, 46, '23/08/2021', '19/10/2022');
insert into emprunt (matricule_adh, code, date_debut, date_fin) values (15, 46, '30/01/2021', '16/08/2022');
insert into emprunt (matricule_adh, code, date_debut, date_fin) values (29, 54, '09/06/2021', '02/01/2022');
insert into emprunt (matricule_adh, code, date_debut, date_fin) values (16, 22, '19/01/2021', '03/10/2022');
insert into emprunt (matricule_adh, code, date_debut, date_fin) values (11, 40, '22/11/2021', '23/01/2022');
insert into emprunt (matricule_adh, code, date_debut, date_fin) values (21, 50, '16/02/2021', '19/03/2022');
insert into emprunt (matricule_adh, code, date_debut, date_fin) values (9, 22, '01/12/2021', '02/11/2022');
insert into emprunt (matricule_adh, code, date_debut, date_fin) values (8, 25, '19/08/2021', '25/11/2022');
insert into emprunt (matricule_adh, code, date_debut, date_fin) values (6, 2, '05/08/2021', '29/06/2022');
insert into emprunt (matricule_adh, code, date_debut, date_fin) values (25, 62, '02/01/2021', '28/10/2022');
insert into emprunt (matricule_adh, code, date_debut, date_fin) values (28, 31, '27/04/2021', '13/01/2022');
insert into emprunt (matricule_adh, code, date_debut, date_fin) values (11, 68, '07/08/2021', '25/02/2022');
insert into emprunt (matricule_adh, code, date_debut, date_fin) values (10, 32, '21/11/2021', '28/07/2022');
insert into emprunt (matricule_adh, code, date_debut, date_fin) values (8, 21, '23/06/2021', '24/04/2022');
insert into emprunt (matricule_adh, code, date_debut, date_fin) values (5, 69, '01/03/2021', '23/11/2022');
insert into emprunt (matricule_adh, code, date_debut, date_fin) values (17, 37, '26/11/2021', '03/03/2022');
insert into emprunt (matricule_adh, code, date_debut, date_fin) values (9, 12, '17/06/2021', '28/09/2022');
insert into emprunt (matricule_adh, code, date_debut, date_fin) values (17, 49, '27/07/2021', '28/08/2022');
insert into emprunt (matricule_adh, code, date_debut, date_fin) values (1, 74, '01/10/2021', '22/09/2022');
insert into emprunt (matricule_adh, code, date_debut, date_fin) values (30, 27, '07/01/2021', '02/10/2022');
insert into emprunt (matricule_adh, code, date_debut, date_fin) values (4, 50, '14/06/2021', '16/10/2022');
insert into emprunt (matricule_adh, code, date_debut, date_fin) values (5, 60, '24/01/2021', '23/10/2022');
insert into emprunt (matricule_adh, code, date_debut, date_fin) values (12, 20, '30/12/2021', '11/11/2022');
insert into emprunt (matricule_adh, code, date_debut, date_fin) values (12, 39, '04/09/2021', '18/08/2022');
insert into emprunt (matricule_adh, code, date_debut, date_fin) values (10, 19, '30/11/2021', '15/02/2022');
insert into emprunt (matricule_adh, code, date_debut, date_fin) values (18, 55, '27/10/2021', '30/03/2022');
insert into emprunt (matricule_adh, code, date_debut, date_fin) values (13, 55, '28/07/2021', '14/05/2022');
insert into emprunt (matricule_adh, code, date_debut, date_fin) values (30, 57, '02/03/2021', '14/03/2022');
insert into emprunt (matricule_adh, code, date_debut, date_fin) values (24, 35, '27/08/2021', '01/05/2022');
insert into emprunt (matricule_adh, code, date_debut, date_fin) values (13, 75, '30/10/2021', '28/02/2022');
insert into emprunt (matricule_adh, code, date_debut, date_fin) values (1, 42, '31/07/2021', '07/05/2022');
insert into emprunt (matricule_adh, code, date_debut, date_fin) values (29, 40, '26/08/2021', '30/03/2022');
insert into emprunt (matricule_adh, code, date_debut, date_fin) values (20, 76, '09/03/2021', '01/12/2022');
insert into emprunt (matricule_adh, code, date_debut, date_fin) values (23, 21, '21/05/2021', '04/05/2022');
insert into emprunt (matricule_adh, code, date_debut, date_fin) values (21, 45, '23/11/2021', '06/11/2022');
insert into emprunt (matricule_adh, code, date_debut, date_fin) values (6, 27, '11/02/2021', '26/11/2022');
insert into emprunt (matricule_adh, code, date_debut, date_fin) values (8, 17, '14/12/2021', '15/05/2022');
insert into emprunt (matricule_adh, code, date_debut, date_fin) values (23, 44, '04/04/2021', '23/04/2022');
insert into emprunt (matricule_adh, code, date_debut, date_fin) values (6, 58, '04/02/2021', '03/01/2022');
insert into emprunt (matricule_adh, code, date_debut, date_fin) values (10, 41, '04/11/2021', '13/10/2022');
insert into emprunt (matricule_adh, code, date_debut, date_fin) values (12, 62, '27/07/2021', '03/11/2022');
insert into emprunt (matricule_adh, code, date_debut, date_fin) values (6, 13, '08/11/2021', '11/12/2022');
insert into emprunt (matricule_adh, code, date_debut, date_fin) values (5, 73, '11/07/2021', '05/11/2022');
insert into emprunt (matricule_adh, code, date_debut, date_fin) values (24, 48, '25/05/2021', '21/11/2022');
insert into emprunt (matricule_adh, code, date_debut, date_fin) values (9, 34, '03/09/2021', '12/05/2022');
insert into emprunt (matricule_adh, code, date_debut, date_fin) values (24, 66, '25/01/2021', '26/02/2022');
insert into emprunt (matricule_adh, code, date_debut, date_fin) values (11, 73, '03/11/2021', '29/11/2022');
insert into emprunt (matricule_adh, code, date_debut, date_fin) values (14, 41, '13/11/2021', '15/11/2022');
insert into emprunt (matricule_adh, code, date_debut, date_fin) values (17, 70, '02/07/2021', '27/04/2022');
insert into emprunt (matricule_adh, code, date_debut, date_fin) values (24, 24, '14/10/2021', '05/10/2022');
insert into emprunt (matricule_adh, code, date_debut, date_fin) values (5, 13, '21/01/2021', '09/05/2022');
insert into emprunt (matricule_adh, code, date_debut, date_fin) values (17, 74, '21/06/2021', '28/05/2022');
insert into emprunt (matricule_adh, code, date_debut, date_fin) values (12, 23, '30/06/2021', '26/06/2022');
insert into emprunt (matricule_adh, code, date_debut, date_fin) values (3, 58, '30/10/2021', '13/09/2022');
insert into emprunt (matricule_adh, code, date_debut, date_fin) values (4, 32, '13/09/2021', '26/09/2022');
insert into emprunt (matricule_adh, code, date_debut, date_fin) values (26, 30, '09/01/2021', '10/12/2022');
insert into emprunt (matricule_adh, code, date_debut, date_fin) values (15, 72, '05/10/2021', '19/07/2022');
insert into emprunt (matricule_adh, code, date_debut, date_fin) values (24, 36, '19/06/2021', '08/01/2022');
insert into emprunt (matricule_adh, code, date_debut, date_fin) values (17, 36, '16/04/2021', '15/09/2022');
insert into emprunt (matricule_adh, code, date_debut, date_fin) values (10, 57, '14/04/2021', '23/01/2022');
insert into emprunt (matricule_adh, code, date_debut, date_fin) values (27, 38, '12/01/2021', '30/03/2022');
insert into emprunt (matricule_adh, code, date_debut, date_fin) values (4, 56, '29/03/2021', '06/10/2022');
insert into emprunt (matricule_adh, code, date_debut, date_fin) values (9, 72, '14/01/2021', '19/01/2022');
insert into emprunt (matricule_adh, code, date_debut, date_fin) values (16, 1, '05/05/2021', '22/01/2022');
insert into emprunt (matricule_adh, code, date_debut, date_fin) values (3, 52, '10/11/2021', '16/09/2022');
insert into emprunt (matricule_adh, code, date_debut, date_fin) values (25, 13, '07/10/2021', '15/08/2022');
insert into emprunt (matricule_adh, code, date_debut, date_fin) values (4, 42, '10/12/2021', '02/06/2022');
insert into emprunt (matricule_adh, code, date_debut, date_fin) values (1, 48, '14/01/2021', '24/05/2022');
insert into emprunt (matricule_adh, code, date_debut, date_fin) values (16, 74, '20/01/2021', '07/11/2022');
insert into emprunt (matricule_adh, code, date_debut, date_fin) values (7, 16, '04/03/2021', '02/04/2022');
insert into emprunt (matricule_adh, code, date_debut, date_fin) values (30, 15, '11/12/2021', '09/10/2022');
insert into emprunt (matricule_adh, code, date_debut, date_fin) values (19, 42, '05/01/2021', '25/08/2022');
insert into emprunt (matricule_adh, code, date_debut, date_fin) values (17, 61, '02/10/2021', '04/02/2022');
insert into emprunt (matricule_adh, code, date_debut, date_fin) values (7, 37, '19/02/2021', '29/04/2022');
insert into emprunt (matricule_adh, code, date_debut, date_fin) values (19, 50, '02/12/2021', '14/05/2022');
insert into emprunt (matricule_adh, code, date_debut, date_fin) values (26, 51, '26/09/2021', '12/03/2022');
insert into emprunt (matricule_adh, code, date_debut, date_fin) values (12, 52, '26/03/2021', '07/12/2022');
insert into emprunt (matricule_adh, code, date_debut, date_fin) values (1, 17, '20/08/2021', '23/02/2022');
insert into emprunt (matricule_adh, code, date_debut, date_fin) values (20, 59, '22/06/2021', '24/07/2022');
insert into emprunt (matricule_adh, code, date_debut, date_fin) values (10, 40, '19/04/2021', '19/05/2022');
insert into emprunt (matricule_adh, code, date_debut, date_fin) values (22, 21, '27/06/2021', '01/06/2022');
insert into emprunt (matricule_adh, code, date_debut, date_fin) values (7, 43, '18/09/2021', '09/02/2022');
insert into emprunt (matricule_adh, code, date_debut, date_fin) values (27, 2, '04/08/2021', '08/06/2022');
insert into emprunt (matricule_adh, code, date_debut, date_fin) values (18, 4, '03/02/2021', '28/03/2022');
insert into emprunt (matricule_adh, code, date_debut, date_fin) values (10, 38, '24/12/2021', '12/08/2022');
insert into emprunt (matricule_adh, code, date_debut, date_fin) values (21, 55, '04/01/2021', '25/03/2022');
insert into emprunt (matricule_adh, code, date_debut, date_fin) values (9, 24, '12/04/2021', '10/01/2022');
insert into emprunt (matricule_adh, code, date_debut, date_fin) values (3, 41, '26/12/2021', '11/09/2022');
insert into emprunt (matricule_adh, code, date_debut, date_fin) values (27, 35, '14/05/2021', '04/05/2022');
insert into emprunt (matricule_adh, code, date_debut, date_fin) values (14, 44, '14/12/2021', '10/08/2022');
insert into emprunt (matricule_adh, code, date_debut, date_fin) values (25, 55, '16/01/2021', '23/11/2022');
insert into emprunt (matricule_adh, code, date_debut, date_fin) values (17, 45, '04/01/2021', '26/08/2022');
insert into emprunt (matricule_adh, code, date_debut, date_fin) values (16, 41, '15/11/2021', '10/07/2022');
insert into emprunt (matricule_adh, code, date_debut, date_fin) values (5, 69, '31/01/2021', '12/11/2022');
insert into emprunt (matricule_adh, code, date_debut, date_fin) values (5, 3, '31/07/2021', '30/08/2022');
insert into emprunt (matricule_adh, code, date_debut, date_fin) values (29, 53, '12/02/2021', '03/03/2022');
insert into emprunt (matricule_adh, code, date_debut, date_fin) values (14, 44, '08/10/2021', '26/02/2022');
insert into emprunt (matricule_adh, code, date_debut, date_fin) values (13, 6, '23/02/2021', '25/08/2022');
insert into emprunt (matricule_adh, code, date_debut, date_fin) values (19, 62, '06/11/2021', '14/05/2022');
insert into emprunt (matricule_adh, code, date_debut, date_fin) values (13, 36, '10/12/2021', '02/02/2022');
insert into emprunt (matricule_adh, code, date_debut, date_fin) values (2, 7, '15/01/2021', '09/03/2022');
insert into emprunt (matricule_adh, code, date_debut, date_fin) values (26, 8, '03/04/2021', '13/04/2022');
insert into emprunt (matricule_adh, code, date_debut, date_fin) values (20, 50, '03/11/2021', '08/06/2022');
insert into emprunt (matricule_adh, code, date_debut, date_fin) values (20, 60, '14/09/2021', '11/05/2022');
insert into emprunt (matricule_adh, code, date_debut, date_fin) values (27, 28, '26/05/2021', '10/04/2022');
insert into emprunt (matricule_adh, code, date_debut, date_fin) values (3, 56, '25/10/2021', '29/09/2022');
insert into emprunt (matricule_adh, code, date_debut, date_fin) values (19, 43, '07/08/2021', '07/02/2022');
insert into emprunt (matricule_adh, code, date_debut, date_fin) values (11, 57, '25/06/2021', '20/02/2022');
insert into emprunt (matricule_adh, code, date_debut, date_fin) values (20, 58, '27/03/2021', '04/02/2022');
insert into emprunt (matricule_adh, code, date_debut, date_fin) values (12, 28, '29/12/2021', '02/09/2022');
insert into emprunt (matricule_adh, code, date_debut, date_fin) values (27, 57, '26/06/2021', '23/05/2022');
insert into emprunt (matricule_adh, code, date_debut, date_fin) values (9, 48, '12/01/2021', '20/05/2022');
insert into emprunt (matricule_adh, code, date_debut, date_fin) values (13, 28, '24/08/2021', '19/05/2022');
insert into emprunt (matricule_adh, code, date_debut, date_fin) values (28, 19, '23/12/2021', '16/03/2022');
insert into emprunt (matricule_adh, code, date_debut, date_fin) values (7, 50, '23/07/2021', '30/09/2022');
insert into emprunt (matricule_adh, code, date_debut, date_fin) values (22, 28, '23/11/2021', '10/04/2022');
insert into emprunt (matricule_adh, code, date_debut, date_fin) values (8, 54, '23/11/2021', '09/12/2022');
insert into emprunt (matricule_adh, code, date_debut, date_fin) values (17, 25, '13/09/2021', '31/01/2022');
insert into emprunt (matricule_adh, code, date_debut, date_fin) values (23, 72, '12/06/2021', '05/12/2022');
insert into emprunt (matricule_adh, code, date_debut, date_fin) values (20, 28, '08/03/2021', '24/11/2022');
insert into emprunt (matricule_adh, code, date_debut, date_fin) values (26, 31, '08/01/2021', '26/01/2022');
insert into emprunt (matricule_adh, code, date_debut, date_fin) values (11, 2, '17/12/2021', '06/03/2022');
insert into emprunt (matricule_adh, code, date_debut, date_fin) values (11, 22, '21/10/2021', '06/12/2022');
insert into emprunt (matricule_adh, code, date_debut, date_fin) values (9, 15, '02/01/2021', '19/04/2022');
insert into emprunt (matricule_adh, code, date_debut, date_fin) values (18, 71, '24/08/2021', '04/07/2022');
insert into emprunt (matricule_adh, code, date_debut, date_fin) values (4, 4, '05/11/2021', '27/06/2022');
insert into emprunt (matricule_adh, code, date_debut, date_fin) values (6, 53, '07/12/2021', '12/11/2022');
insert into emprunt (matricule_adh, code, date_debut, date_fin) values (11, 55, '04/01/2021', '24/06/2022');
insert into emprunt (matricule_adh, code, date_debut, date_fin) values (25, 41, '29/11/2021', '09/11/2022');
insert into emprunt (matricule_adh, code, date_debut, date_fin) values (13, 19, '16/03/2021', '02/07/2022');
insert into emprunt (matricule_adh, code, date_debut, date_fin) values (15, 51, '20/04/2021', '01/02/2022');
insert into emprunt (matricule_adh, code, date_debut, date_fin) values (15, 24, '20/05/2021', '25/04/2022');
insert into emprunt (matricule_adh, code, date_debut, date_fin) values (19, 25, '18/10/2021', '06/05/2022');
insert into emprunt (matricule_adh, code, date_debut, date_fin) values (25, 11, '01/06/2021', '30/08/2022');
insert into emprunt (matricule_adh, code, date_debut, date_fin) values (6, 3, '12/06/2021', '27/02/2022');
insert into emprunt (matricule_adh, code, date_debut, date_fin) values (6, 24, '02/01/2021', '03/04/2022');
insert into emprunt (matricule_adh, code, date_debut, date_fin) values (3, 73, '26/01/2021', '07/10/2022');
insert into emprunt (matricule_adh, code, date_debut, date_fin) values (30, 75, '05/09/2021', '09/05/2022');
insert into emprunt (matricule_adh, code, date_debut, date_fin) values (23, 4, '26/04/2021', '09/04/2022');
insert into emprunt (matricule_adh, code, date_debut, date_fin) values (9, 31, '19/10/2021', '15/11/2022');
insert into emprunt (matricule_adh, code, date_debut, date_fin) values (18, 11, '07/09/2021', '11/04/2022');
insert into emprunt (matricule_adh, code, date_debut, date_fin) values (1, 66, '03/11/2021', '10/11/2022');
insert into emprunt (matricule_adh, code, date_debut, date_fin) values (23, 44, '08/05/2021', '18/05/2022');
insert into emprunt (matricule_adh, code, date_debut, date_fin) values (18, 19, '22/02/2021', '26/08/2022');
insert into emprunt (matricule_adh, code, date_debut, date_fin) values (25, 62, '25/02/2021', '08/08/2022');
insert into emprunt (matricule_adh, code, date_debut, date_fin) values (2, 34, '26/10/2021', '29/11/2022');
insert into emprunt (matricule_adh, code, date_debut, date_fin) values (30, 18, '20/01/2021', '07/02/2022');
insert into emprunt (matricule_adh, code, date_debut, date_fin) values (22, 61, '26/10/2021', '03/01/2022');
insert into emprunt (matricule_adh, code, date_debut, date_fin) values (16, 22, '03/07/2021', '12/10/2022');
insert into emprunt (matricule_adh, code, date_debut, date_fin) values (19, 41, '23/07/2021', '12/03/2022');
insert into emprunt (matricule_adh, code, date_debut, date_fin) values (28, 17, '21/08/2021', '22/02/2022');
insert into emprunt (matricule_adh, code, date_debut, date_fin) values (24, 62, '09/10/2021', '05/04/2022');
insert into emprunt (matricule_adh, code, date_debut, date_fin) values (1, 6, '03/08/2021', '23/07/2022');
insert into emprunt (matricule_adh, code, date_debut, date_fin) values (12, 4, '02/03/2021', '02/01/2022');
insert into emprunt (matricule_adh, code, date_debut, date_fin) values (27, 70, '09/08/2021', '27/06/2022');
insert into emprunt (matricule_adh, code, date_debut, date_fin) values (19, 50, '03/03/2021', '20/06/2022');
insert into emprunt (matricule_adh, code, date_debut, date_fin) values (24, 66, '27/03/2021', '15/08/2022');
insert into emprunt (matricule_adh, code, date_debut, date_fin) values (28, 48, '18/02/2021', '11/09/2022');
insert into emprunt (matricule_adh, code, date_debut, date_fin) values (2, 75, '16/11/2021', '20/03/2022');
insert into emprunt (matricule_adh, code, date_debut, date_fin) values (5, 45, '01/03/2021', '04/03/2022');
insert into emprunt (matricule_adh, code, date_debut, date_fin) values (28, 52, '09/11/2021', '22/10/2022');
insert into emprunt (matricule_adh, code, date_debut, date_fin) values (3, 46, '01/12/2021', '12/06/2022');
insert into emprunt (matricule_adh, code, date_debut, date_fin) values (16, 69, '14/04/2021', '04/08/2022');
insert into emprunt (matricule_adh, code, date_debut, date_fin) values (20, 2, '05/02/2021', '09/02/2022');
insert into emprunt (matricule_adh, code, date_debut, date_fin) values (13, 41, '02/08/2021', '09/10/2022');
insert into emprunt (matricule_adh, code, date_debut, date_fin) values (21, 53, '11/03/2021', '29/07/2022');
insert into emprunt (matricule_adh, code, date_debut, date_fin) values (26, 1, '25/03/2021', '03/01/2022');
insert into emprunt (matricule_adh, code, date_debut, date_fin) values (14, 3, '22/05/2021', '21/07/2022');
insert into emprunt (matricule_adh, code, date_debut, date_fin) values (23, 24, '20/04/2021', '15/03/2022');
insert into emprunt (matricule_adh, code, date_debut, date_fin) values (2, 31, '08/01/2021', '20/05/2022');
insert into emprunt (matricule_adh, code, date_debut, date_fin) values (19, 8, '23/03/2021', '04/07/2022');
insert into emprunt (matricule_adh, code, date_debut, date_fin) values (24, 16, '06/01/2021', '10/08/2022');
insert into emprunt (matricule_adh, code, date_debut, date_fin) values (24, 48, '30/09/2021', '18/01/2022');
insert into emprunt (matricule_adh, code, date_debut, date_fin) values (27, 11, '08/06/2021', '01/04/2022');
insert into emprunt (matricule_adh, code, date_debut, date_fin) values (7, 30, '01/08/2021', '01/11/2022');
insert into emprunt (matricule_adh, code, date_debut, date_fin) values (7, 62, '24/01/2021', '24/10/2022');
insert into emprunt (matricule_adh, code, date_debut, date_fin) values (19, 33, '14/11/2021', '21/10/2022');
insert into emprunt (matricule_adh, code, date_debut, date_fin) values (2, 47, '25/12/2021', '04/07/2022');
insert into emprunt (matricule_adh, code, date_debut, date_fin) values (17, 27, '04/08/2021', '20/10/2022');
insert into emprunt (matricule_adh, code, date_debut, date_fin) values (29, 43, '14/04/2021', '31/05/2022');
insert into emprunt (matricule_adh, code, date_debut, date_fin) values (27, 62, '28/10/2021', '28/09/2022');
insert into emprunt (matricule_adh, code, date_debut, date_fin) values (21, 44, '16/04/2021', '21/09/2022');
insert into emprunt (matricule_adh, code, date_debut, date_fin) values (4, 36, '20/02/2021', '24/04/2022');
insert into emprunt (matricule_adh, code, date_debut, date_fin) values (16, 65, '08/12/2021', '30/10/2022');
insert into emprunt (matricule_adh, code, date_debut, date_fin) values (12, 46, '24/01/2021', '19/01/2022');
insert into emprunt (matricule_adh, code, date_debut, date_fin) values (30, 50, '28/04/2021', '05/02/2022');
insert into emprunt (matricule_adh, code, date_debut, date_fin) values (6, 24, '04/08/2021', '17/07/2022');
insert into emprunt (matricule_adh, code, date_debut, date_fin) values (7, 25, '21/02/2021', '20/08/2022');
insert into emprunt (matricule_adh, code, date_debut, date_fin) values (21, 3, '02/11/2021', '17/11/2022');
insert into emprunt (matricule_adh, code, date_debut, date_fin) values (11, 41, '29/10/2021', '10/04/2022');
insert into emprunt (matricule_adh, code, date_debut, date_fin) values (3, 41, '11/08/2021', '16/11/2022');
insert into emprunt (matricule_adh, code, date_debut, date_fin) values (1, 40, '11/09/2021', '27/05/2022');
insert into emprunt (matricule_adh, code, date_debut, date_fin) values (22, 12, '07/04/2021', '17/11/2022');
insert into emprunt (matricule_adh, code, date_debut, date_fin) values (7, 36, '21/01/2021', '04/03/2022');
insert into emprunt (matricule_adh, code, date_debut, date_fin) values (25, 50, '18/12/2021', '09/10/2022');


insert into film_album values(21,57);
insert into film_album values(22,58);
insert into film_album values(23,59);
insert into film_album values(24,60);
insert into film_album values(25,61);
insert into film_album values(26,62);
insert into film_album values(27,63);
insert into film_album values(28,64);
insert into film_album values(29,65);
insert into film_album values(30,66);
insert into film_album values(31,67);
insert into film_album values(32,68);
insert into film_album values(33,69);
insert into film_album values(34,70);
insert into film_album values(35,71);
insert into film_album values(36,72);
insert into film_album values(37,73);
insert into film_album values(38,74);
insert into film_album values(39,75);
insert into film_album values(40,76);
insert into film_album values(41,57);
insert into film_album values(42,58);
insert into film_album values(43,59);
insert into film_album values(44,60);
insert into film_album values(45,61);
insert into film_album values(46,62);
insert into film_album values(47,63);
insert into film_album values(48,64);
insert into film_album values(49,65);
insert into film_album values(50,66);



